fake.html	FAKE_SUCCESS
fetch.html	SENDS
formspree.html	SENDS
mailto.html	MAILTO
nothing.html	NO_EFFECT
supabase.html	SENDS
reload.html	RELOAD
divform.html	FAKE_SUCCESS
alert.html	FAKE_SUCCESS
analytics.html	FAKE_SUCCESS
chat.html	NO_FORM
prefetch.html	NO_EFFECT
opaque.html	OTHER_REQUEST
netlify.html	SENDS
supabase-empty.html	OTHER_REQUEST
covered.html	VOID
redirect.html	REDIRECT_NO_SEND
customvalid.html	INVALID
transient.html	FAKE_SUCCESS
mailtojs.html	MAILTO
honeypot.html	SENDS
website-field.html	SENDS
radix-select.html	SENDS
